{"name":"t:sections.footer.name","type":"footer","sections":{"newsletter":{"type":"newsletter","blocks":{"heading":{"type":"heading","settings":{"heading":"Newsletters signup","heading_size":"h1"}},"paragraph":{"type":"paragraph","settings":{"text":"<p>Be the first to know about new collections and exclusive offers.<\/p>"}},"email-form":{"type":"email_form","settings":{}}},"block_order":["heading","paragraph","email-form"],"settings":{"color_scheme":"scheme-4","full_width":true,"padding_top":28,"padding_bottom":44}},"17289525261f2a9435":{"type":"apps","blocks":{"social_media_icons_ultimate_app_block_Mxmq4T":{"type":"shopify:\/\/apps\/social-media-icons-ultimate\/blocks\/app-block\/f2a69cf3-7109-41fb-a252-5c83daedf8a8","settings":{"alignment":"center","message":"Follow us on","icon_size":40,"space_among_icons":12,"margin_top":27,"margin_bottom":31}}},"block_order":["social_media_icons_ultimate_app_block_Mxmq4T"],"settings":{"include_margins":true}},"footer":{"type":"footer","blocks":{"link_list_JAGjNt":{"type":"link_list","settings":{"heading":"<strong>Quick links<\/strong>","menu":"footer"}}},"block_order":["link_list_JAGjNt"],"settings":{"color_scheme":"scheme-a7c39134-6df0-4edc-8a50-9275e25d6027","newsletter_enable":false,"newsletter_heading":"Subscribe to our emails","enable_follow_on_shop":true,"show_social":true,"enable_country_selector":true,"enable_language_selector":true,"payment_enable":true,"show_policy":true,"margin_top":0,"padding_top":44,"padding_bottom":60}}},"order":["newsletter","17289525261f2a9435","footer"]}