{"name":"t:sections.header.name","type":"header","sections":{"header":{"type":"header","settings":{"logo_position":"top-center","menu":"main-menu","menu_type_desktop":"dropdown","sticky_header_type":"on-scroll-up","show_line_separator":false,"color_scheme":"scheme-a7c39134-6df0-4edc-8a50-9275e25d6027","menu_color_scheme":"scheme-a7c39134-6df0-4edc-8a50-9275e25d6027","enable_country_selector":true,"enable_language_selector":true,"enable_customer_avatar":true,"mobile_logo_position":"center","margin_bottom":0,"padding_top":20,"padding_bottom":20}},"announcement-bar":{"type":"announcement-bar","blocks":{"announcement_NMUrFF":{"type":"announcement","settings":{"text":"Nanny's pantry","link":""}},"announcement_jCVeTN":{"type":"announcement","settings":{"text":"Welcome to our store","link":""}}},"block_order":["announcement_NMUrFF","announcement_jCVeTN"],"settings":{"color_scheme":"scheme-4","show_line_separator":true,"show_social":true,"auto_rotate":true,"change_slides_speed":5,"enable_country_selector":false,"enable_language_selector":false}}},"order":["header","announcement-bar"]}