{"sections":{"slideshow":{"type":"slideshow","blocks":{"slide-0":{"type":"slide","settings":{"image":"shopify:\/\/shop_images\/girl-4181395_1280.jpg","heading":"Finest quality of wholesale food","heading_size":"h1","subheading":"","button_label":"Shop all","link":"shopify:\/\/collections\/all","button_style_secondary":false,"box_align":"middle-left","show_text_box":true,"text_alignment":"left","image_overlay_opacity":10,"color_scheme":"scheme-2","text_alignment_mobile":"left"}},"slide_dWhFA6":{"type":"slide","settings":{"image":"shopify:\/\/shop_images\/desserts-1868181_1280.jpg","heading":"Our bakery","heading_size":"h1","subheading":"fresh and natural ingredients","button_label":"check out","link":"","button_style_secondary":false,"box_align":"middle-center","show_text_box":true,"text_alignment":"center","image_overlay_opacity":0,"color_scheme":"scheme-3","text_alignment_mobile":"center"}},"slide_3zEPWY":{"type":"slide","settings":{"image":"shopify:\/\/shop_images\/spice-market-9060102_1280.jpg","heading":"Best spices","heading_size":"h1","subheading":"Avaliable worldwide spices","button_label":"check out","link":"","button_style_secondary":false,"box_align":"middle-center","show_text_box":true,"text_alignment":"center","image_overlay_opacity":0,"color_scheme":"scheme-3","text_alignment_mobile":"center"}}},"block_order":["slide-0","slide_dWhFA6","slide_3zEPWY"],"settings":{"layout":"full_bleed","slide_height":"small","slider_visual":"counter","auto_rotate":true,"change_slides_speed":3,"image_behavior":"ambient","show_text_below":true,"accessibility_info":"Slideshow about our brand"}},"collection_list_CTggiH":{"type":"collection-list","blocks":{"featured_collection_DD48NH":{"type":"featured_collection","settings":{"collection":"cakes"}},"featured_collection_d4NX6D":{"type":"featured_collection","settings":{"collection":"fruit"}},"featured_collection_LfeQWC":{"type":"featured_collection","settings":{"collection":"spices"}}},"block_order":["featured_collection_DD48NH","featured_collection_d4NX6D","featured_collection_LfeQWC"],"settings":{"title":"Collections","heading_size":"h1","image_ratio":"square","columns_desktop":3,"color_scheme":"scheme-25e9ae62-ee1e-43eb-8295-4fa6c2cad482","show_view_all":false,"columns_mobile":"2","swipe_on_mobile":false,"padding_top":36,"padding_bottom":36}},"featured-collection-0":{"type":"featured-collection","settings":{"title":"<strong>Featured products<\/strong>","heading_size":"h2","description":"","show_description":false,"description_style":"body","collection":"home-page","products_to_show":4,"columns_desktop":4,"full_width":false,"show_view_all":true,"view_all_style":"solid","enable_desktop_slider":false,"color_scheme":"scheme-3","image_ratio":"square","image_shape":"default","show_secondary_image":false,"show_vendor":false,"show_rating":false,"quick_add":"standard","columns_mobile":"2","swipe_on_mobile":false,"padding_top":48,"padding_bottom":48}}},"order":["slideshow","collection_list_CTggiH","featured-collection-0"]}