{"sections":{"main":{"type":"main-product","blocks":{"vendor":{"type":"text","settings":{"text":"{{ product.vendor }}","text_style":"body"}},"title":{"type":"title","settings":{}},"rating":{"type":"rating","settings":{}},"price":{"type":"price","settings":{}},"variant_picker":{"type":"variant_picker","settings":{"picker_type":"button","swatch_shape":"circle"}},"quantity_selector":{"type":"quantity_selector","settings":{}},"buy_buttons":{"type":"buy_buttons","settings":{"show_dynamic_checkout":true,"show_gift_card_recipient":true}},"description":{"type":"description","settings":{}},"share":{"type":"share","settings":{"share_label":"Share"}},"social_media_icons_ultimate_app_block_zPKP93":{"type":"shopify:\/\/apps\/social-media-icons-ultimate\/blocks\/app-block\/f2a69cf3-7109-41fb-a252-5c83daedf8a8","settings":{"alignment":"center","message":"Follow us on","icon_size":40,"space_among_icons":6,"margin_top":10,"margin_bottom":10}}},"block_order":["vendor","title","rating","price","variant_picker","quantity_selector","buy_buttons","description","share","social_media_icons_ultimate_app_block_zPKP93"],"settings":{"enable_sticky_info":true,"color_scheme":"scheme-2","media_size":"small","constrain_to_viewport":true,"media_fit":"contain","gallery_layout":"thumbnail_slider","media_position":"left","image_zoom":"lightbox","mobile_thumbnails":"hide","hide_variants":true,"enable_video_looping":false,"padding_top":60,"padding_bottom":60}},"related-products":{"type":"related-products","settings":{"heading":"You may also like","heading_size":"h2","products_to_show":4,"columns_desktop":4,"color_scheme":"scheme-1","image_ratio":"portrait","image_shape":"default","show_secondary_image":true,"show_vendor":false,"show_rating":false,"columns_mobile":"2","padding_top":0,"padding_bottom":60}}},"order":["main","related-products"]}